module	source	target	status	receipt	notes	updated
_common	kain/core/_common.kn	juicer.exe/jc.exe	fused	prove[1/10],[2/10] PASS	kernel32 DMA FFI; +32-slack arenas; IEEE-754 FP32/FP16/BF16 decoders/encoders; radix-2 sk_fft; math_ln; LE decoders	2026-10-04
gguf_parser	kain/core/gguf_parser.kn	juicer.exe/jc.exe	fused	read_block_weight_sample DMA streaming real weights across F32/F16/BF16/Q8_0/Q4_0/Q4_K	REAL. GGUF v2/v3 header + KV scan + tensor descriptors + real block weight decoding off disk	2026-10-04
slicer	kain/core/slicer.kn	juicer.exe/jc.exe	fused	prove[7/10] PASS; KV *.block_count patched in-place (llama.cpp/Ollama compatible)	REAL container surgery. Contiguous re-index + aligned offset rewrite + in-place KV metadata patch	2026-10-04
fuse	kain/core/fuse.kn	juicer.exe/jc.exe	fused	prove[8/10] PASS; ~0.9s/block fuse measured on Quadro RTX 3000	REAL driver. Interpreter via JUICER_PY/JUICER_COMFY_PY; all fusion math in scripts/fuse_engine.py	2026-10-04
quantize	kain/core/quantize.kn	juicer.exe/jc.exe	fused	prove[9/10] PASS (Q8_0 SNR=49.5dB), [10/10] PASS (Q4_0 SNR=25.0dB)	Native AVX2 Q8_0 (34-byte) & Q4_0 (18-byte) block quantizer, dequantizer & container re-writer	2026-10-04
prove	kain/core/prove.kn	juicer.exe/jc.exe	fused	10/10 batteries green, <1s	Full in-memory formal verification of DSP lenses, decoders, KV patch, and quantizers	2026-10-04
dispatch	kain/core/dispatch.kn	juicer.exe/jc.exe	fused	jc help/prove/profile/slice/fuse/quantize/schedule all routed	Sole main(). jc profile feeds 4 DSP lenses REAL weights via DMA, prints spectral gain/kurtosis/entropy/bicoherence	2026-10-04
scheduler	kain/core/scheduler.kn	juicer.exe/jc.exe	builds	emits well-formed step->block JSON	JSON emission real; schedules based on flow matching dynamics	2026-10-04
spectral_lens	kain/core/spectral_lens.kn	juicer.exe/jc.exe	proven	prove[3/10] PASS (rho_eye=1, rho_3x=3, kurt=2.1)	REAL power iteration on weight covariance + condition number kappa + Spectral Kurtosis outlier protection	2026-10-04
entropy_lens	kain/core/entropy_lens.kn	juicer.exe/jc.exe	proven	prove[4/10] PASS (H_mono=0, H_alt>0.5, LZ=0.7)	REAL 5D Lehmer permutation entropy (120 factoradic bins) + Jensen-Shannon complexity C_JS + Kaspar-Schuster LZ76	2026-10-04
bispectrum_lens	kain/core/bispectrum_lens.kn	juicer.exe/jc.exe	proven	prove[5/10] PASS (b^2=1.00, HARMONIC LOCK)	REAL Kim & Powers 1979 bicoherence (b^2) across IRPD with Hann windowing + radix-2 FFT	2026-10-04
frft_lens	kain/core/frft_lens.kn	juicer.exe/jc.exe	proven	prove[6/10] PASS (speedup=1.45x)	REAL discrete O(N log N) Ozaktas/Pei-Ding FrFT chirp rotation & flow matching scheduler	2026-10-04
fuse_engine.py	scripts/fuse_engine.py	python helper	proven	GPU dequant + Tensor-Core GEMM + Q4_K requant; <1e-4 error vs exact	REAL. Sanctioned Python: CUDA fusion only; never re-implements a native lane	2026-10-04
memlog	scripts/memlog.kn	scripts/memlog.exe	builds	built; appends sanitized TSV rows	ledger helper (ported from TurboKain)	2026-10-04
